{
  "project_info": {
    "project_number": "1039810793231",
    "project_id": "sam-9fc0d",
    "storage_bucket": "sam-9fc0d.appspot.com"
  },
  "client": [
    {
      "client_info": {
        "mobilesdk_app_id": "1:1039810793231:android:dc0eaea5aed747cac8387a",
        "android_client_info": {
          "package_name": "com.example.samsungsecure"
        }
      },
      "oauth_client": [
        {
          "client_id": "1039810793231-bsjd9h1jcpbpa6p6gdqt439b38251tk9.apps.googleusercontent.com",
          "client_type": 3
        }
      ],
      "api_key": [
        {
          "current_key": "AIzaSyCAmOR_v6td2m6wLkZzlV_XbudnwhP2L3E"
        }
      ],
      "services": {
        "appinvite_service": {
          "other_platform_oauth_client": [
            {
              "client_id": "1039810793231-bsjd9h1jcpbpa6p6gdqt439b38251tk9.apps.googleusercontent.com",
              "client_type": 3
            },
            {
              "client_id": "1039810793231-1gsknct447oraeqsdngrqtflpvv2vs9c.apps.googleusercontent.com",
              "client_type": 2,
              "ios_info": {
                "bundle_id": "com.example.samsungsecure"
              }
            }
          ]
        }
      }
    }
  ],
  "configuration_version": "1"
}